https://www.francetvinfo.fr/societe/six-choses-a-savoir-sur-la-journee-du-29-fevrier-qui-survient-tous-les-quatre-ans_6395152.html,"Six choses à savoir sur la journée du 29 février, qui survient tous les quatre ans"
https://www.francetvinfo.fr/decouverte/bizarre/mais-ou-est-passe-doudou-le-coq-la-mascotte-a-plumes-du-gouvernement-est-introuvable-depuis-plusieurs-jours_6203721.html,"Mais où est passé ""Doudou le coq"" ? La mascotte à plumes du gouvernement est introuvable depuis plusieurs jours"
https://www.francetvinfo.fr/replay-radio/l-etoile-du-jour/67-kilometres-en-4-jours-l-etonnant-defi-d-un-youtubeur-qui-a-traverse-le-pays-de-galles-en-marchant-tout-droit_5803724.html,L'étonnant défi d'un YouTubeur qui a traversé le Pays de Galles en quatre jours en marchant... tout droit
https://www.francetvinfo.fr/decouverte/bizarre/saint-patrick-cinq-choses-a-savoir-et-que-vous-ignoriez-sans-doute-sur-la-biere_5714414.html,Saint-Patrick : cinq choses que vous ignorez sans doute sur la bière
https://www.francetvinfo.fr/replay-radio/on-ne-pouvait-pas-le-rater/on-ne-pouvait-pas-le-rater-un-distributeur-de-rillettes-du-quidditch-un-kidnappeur-kidnappe-c-est-le-monde-comme-il-va_3678007.html,"On ne pouvait pas le rater. Un distributeur de rillettes, du quidditch, un kidnappeur kidnappé... C'est le monde comme il va"
https://www.francetvinfo.fr/decouverte/bizarre/assurance-1-100-lettres-de-relance-d-un-coup-pour-un-impaye-de-86-euros_3233033.html,Hautes-Alpes : elle reçoit 1 100 lettres de relance le même jour pour un impayé de 86 euros
https://www.francetvinfo.fr/replay-radio/vous-le-partagerez-aujourd-hui/vous-en-parlerez-aujourd-hui-une-bretonne-de-79ans-decroche-uncdi-dans-une-creperie-de-concarneau_2960111.html,Vous en parlerez aujourd'hui. Une Bretonne de 79 ans décroche un CDI dans une crêperie de Concarneau
https://www.francetvinfo.fr/monde/afrique/afrique-du-sud/afrique-du-sud-une-femme-retrouvee-vivante-dans-le-frigo-d-une-morgue_2830661.html,Afrique du Sud : une femme retrouvée vivante dans le réfrigérateur d'une morgue
https://www.francetvinfo.fr/decouverte/bizarre/avoir-20-ans-et-s-appeler-bernadette-jean-serge-ou-antoinette-tu-ne-fais-pas-partie-des-enfants-cool-avec-un-prenom-pareil_2607384.html,"Avoir 20 ans et s'appeler Bernadette, Jean-Serge ou Antoinette : ""Tu ne fais pas partie des enfants cool avec un prénom pareil"""
https://www.francetvinfo.fr/monde/usa/etats-unis-se-marier-a-l-aeroport-c-est-possible-a-las-vegas_2608718.html,"États-Unis : se marier à l'aéroport, c'est possible à Las Vegas"
https://www.francetvinfo.fr/decouverte/bizarre/video-fantome-apparition-celeste-non-c-est-un-spectre-de-brocken-filme-sur-la-dune-du-pilat_2584892.html,"Fantôme ? Apparition céleste ? Non, c'est un spectre de Brocken filmé sur la dune du Pilat"
https://www.francetvinfo.fr/decouverte/bizarre/gare-a-la-deprime-surtout-dans-les-hauts-de-france_2562675.html,"Gare à la déprime, surtout dans les Hauts-de-France"
https://www.francetvinfo.fr/decouverte/bizarre/quiz-homard-bleu-kebabs-interdits-enfants-esclaves-sur-mars-saurez-vous-reperer-les-intox-parmi-ces-infos-de-2017_2533313.html,"Homard bleu, kebabs interdits, enfants-esclaves sur Mars... Saurez-vous repérer les intox parmi ces infos de 2017 ?"
https://www.francetvinfo.fr/monde/europe/allemagne/les-sangliers-envahissent-l-allemagne_2522213.html,Les sangliers envahissent l'Allemagne !
https://www.francetvinfo.fr/monde/usa/presidentielle/donald-trump/google-donald-trump-ou-colgate-ont-leur-place-au-musee-de-l-echec_2520519.html,"Pepsi Crystal, Google Glass, lasagnes Colgate... Une exposition consacrée aux plus grands flops commerciaux"
https://www.francetvinfo.fr/decouverte/bizarre/marseille-un-magasin-leroy-merlin-restitue-une-alliance-perdue-dix-huit-ans-plus-tot_2518291.html,Marseille : un magasin Leroy-Merlin restitue une alliance perdue dix-huit ans plus tôt
https://www.francetvinfo.fr/decouverte/bizarre/tarn-le-cauchemar-de-louis-palacios-declare-mort-par-erreur_2381079.html,"Tarn : le cauchemar de Louis Palacios, déclaré mort par erreur"
https://www.francetvinfo.fr/sciences/sciences-ces-especes-qui-recoivent-le-nom-de-celebrites_2340409.html,Sciences : ces espèces qui reçoivent le nom de célébrités
https://www.francetvinfo.fr/decouverte/bizarre/video-un-oiseau-semble-voler-sans-battre-des-ailes_2292153.html,Un oiseau semble voler sans battre des ailes
https://www.francetvinfo.fr/economie/emploi/metiers/art-culture-edition/pistolet-leche-pere-noel-pervers-les-photos-d-illustrations-malaises-epinglees-par-dark-stock-photos-expliquees-par-leurs-auteurs_2270509.html,"Pistolet léché, père Noël pervers... Les photos d'illustrations ""malaises"" épinglées par Dark Stock Photos expliquées par leurs auteurs"
https://www.francetvinfo.fr/decouverte/bizarre/video-manbun-tresses-boucles-afro-ken-s-offre-un-relooking_2250615.html,"""Man bun"", tresses, boucles afro... Ken s'offre un relooking"
https://www.francetvinfo.fr/sports/jo/saucisses-geantes-cygne-agressif-ou-singe-politicien-cinq-fois-ou-les-mascottes-sportives-sont-allees-beaucoup-trop-loin_2234217.html,"Saucisses géantes, cygne agressif ou singe politicien... Cinq fois où les mascottes sportives sont allées beaucoup trop loin"
https://www.francetvinfo.fr/decouverte/bizarre/video-ces-scenes-frustrantes-vont-surement-vous-agacer_2113271.html,Ces scènes frustrantes vont sûrement vous agacer
https://www.francetvinfo.fr/monde/asie/enfermez-un-chaton-dans-une-boite-sans-aeration-la-consigne-polemique-d-un-manuel-scolaire-indien_2053299.html,"""Enfermez un chaton dans une boîte sans aération"" : la consigne polémique d'un manuel scolaire indien"
https://www.francetvinfo.fr/decouverte/bizarre/blue-monday-les-conseils-les-plus-bizarres-pour-eviter-la-deprime-hivernale_2021148.html,"""Blue Monday"" : les conseils les plus bizarres pour éviter la déprime hivernale"
https://www.francetvinfo.fr/decouverte/bizarre/herault-un-homme-frappe-par-une-mamie-lors-d-une-partie-de-loto-finit-a-l-hopital_1981635.html,"Hérault : un homme, frappé par une mamie lors d'une partie de loto, finit à l'hôpital"
https://www.francetvinfo.fr/monde/asie/japon-un-conducteur-de-train-s-agace-de-la-presence-de-trop-nombreux-touristes-a-bord_1867079.html,Japon : un conducteur de train s'agace de la présence de trop nombreux touristes à bord
https://www.francetvinfo.fr/monde/vatican/pape-francois/eurozapping-un-camp-de-refugies-incendie-et-un-mysterieux-penis-en-belgique_1834677.html,Eurozapping : un camp de réfugiés incendié et un mystérieux pénis en Belgique
https://www.francetvinfo.fr/decouverte/bizarre/les-dents-de-la-mer-projete-les-pieds-dans-l-eau-terreur-garantie_1833485.html,"""Les Dents de la mer"" projeté les pieds dans l'eau : terreur garantie"
https://www.francetvinfo.fr/decouverte/bizarre/videos-le-drole-de-ballet-d-une-passagere-s-adonnant-a-du-yoga-en-plein-vol_1814075.html,Le drôle de ballet d'une passagère s'adonnant à du yoga en plein vol
https://www.francetvinfo.fr/meteo/canicule/videos-quatre-experiences-absurdes-pour-cuisiner-un-repas-pendant-la-canicule_979715.html,Quatre expériences absurdes pour cuisiner un repas pendant la canicule
https://www.francetvinfo.fr/internet/telephonie/australie-la-batterie-d-un-iphone-prend-feu-dans-la-poche-de-son-proprietaire-et-le-brule-au-troisieme-degre_1578265.html,Australie : un cycliste brûlé au 3e degré met en cause la batterie de son iPhone
https://www.francetvinfo.fr/monde/espagne/eurozapping-corruption-sur-une-ligne-tgv-et-mort-de-bud-spencer_1522731.html,Eurozapping : corruption sur une ligne TGV et mort de Bud Spencer
https://www.francetvinfo.frhttps://www.francetvinfo.fr/culture/livres/un-quotidien-italien-offre-quot-mein-kampfquot-a-ses-lecteurs-en-supplement-quot-sordidequot-estime-matteo-renzi_3305133.html,"Un quotidien italien offre à ses lecteurs ""Mein Kampf"" en supplément 
    (nouvelle fenêtre)"
https://www.francetvinfo.fr/monde/russie/video-ce-bidouilleur-britannique-invente-l-hoverboard-la-moto-volante_1427821.html,Ce Britannique invente la moto volante
https://www.francetvinfo.fr/internet/reseaux-sociaux/twitter/je-garderai-toujours-un-oeil-sur-toi-il-decouvre-un-etrange-message-cache-dans-sa-nouvelle-maison_1368003.html,"""Je garderai toujours un œil sur toi"" : il découvre un étrange message caché dans sa nouvelle maison"
https://www.francetvinfo.frhttp://france3-regions.francetvinfo.fr/alpes/isere/vers-un-record-du-monde-de-mise-en-scene-de-playmobil-heyrieux-isere-954447.html,"En Isère, un passionné tente de battre le record du monde de mise en scène avec des Playmobil 
    (nouvelle fenêtre)"
https://www.francetvinfo.fr/sports/rugby/video-le-rugbyman-drew-mitchell-bat-le-record-du-monde-de-pommes-ecrasees-avec-son-biceps_1364907.html,Le rugbyman Drew Mitchell bat le record du monde de pommes écrasées avec son biceps
https://www.francetvinfo.fr/economie/medias/la-bougie-du-sapeur-le-journal-qui-parait-tous-les-quatre-ans_1337635.html,"""La Bougie du Sapeur"", le journal qui paraît tous les quatre ans"
https://www.francetvinfo.fr/decouverte/bizarre/grande-bretagne-la-chaine-de-supermarche-tesco-ne-vend-plus-de-croissants-incurves-car-ils-sont-trop-durs-a-tartiner_1323613.html,Grande Bretagne : les supermarchés Tesco ne vendent plus de croissants incurvés car trop durs à tartiner
https://www.francetvinfo.fr/monde/usa/video-dans-le-colorado-un-sherif-adjoint-se-lache-sur-la-nae-nae-dance-avant-de-partir-a-la-retraite_1296613.html,"Dans le Colorado, un shérif adjoint se lâche sur la ""Nae Nae dance"" avant de partir à la retraite"
https://www.francetvinfo.fr/decouverte/bizarre/noblesse-a-la-rencontre-de-ceux-qui-achetent-encore-leur-titre_1270975.html,Noblesse : à la rencontre de ceux qui achètent encore leur titre
https://www.francetvinfo.fr/decouverte/bizarre/le-canal-saint-martin-fait-son-grand-nettoyage_1260733.html,Le canal Saint-Martin fait son grand nettoyage
https://www.francetvinfo.fr/sante/environnement-et-sante/paris-nettoyage-de-printemps-pour-le-canal-saint-martin_1252147.html,Paris : nettoyage de printemps pour le canal Saint-Martin
https://www.francetvinfo.fr/monde/europe/une-carte-postale-adressee-seulement-a-england-a-atteint-son-veritable-destinataire_1238971.html,"Une carte postale adressée seulement à ""England"" a atteint son véritable destinataire"
https://www.francetvinfo.fr/decouverte/bizarre/un-sanglier-fait-irruption-dans-la-boutique-d-une-fleuriste_1234917.html,Un sanglier fait irruption dans la boutique d'une fleuriste
https://www.francetvinfo.fr/monde/europe/video-ce-coiffeur-madrilene-coupe-les-cheveux-au-katana-et-au-chalumeau_1205623.html,Ce coiffeur madrilène coupe les cheveux au katana et au chalumeau
https://www.francetvinfo.fr/france/video-en-ouvrant-une-boite-de-choucroute-une-americaine-trouve-un-oiseau-mort_1166989.html,"En ouvrant une boîte de choucroute, une Américaine trouve un oiseau mort"
https://www.francetvinfo.fr/monde/royaume-uni/video-londres-deguises-en-cones-de-circulation-ils-bloquent-la-voie-un-soir-de-halloween_1156233.html,"Londres : déguisés en cônes de circulation, ils bloquent la voie, un soir de Halloween"
https://www.francetvinfo.fr/decouverte/bizarre/il-tombe-nez-a-nez-avec-son-sosie-assis-a-sa-place-dans-l-avion_1151967.html,Il tombe nez à nez avec son sosie assis à sa place dans l'avion
https://www.francetvinfo.fr/decouverte/bizarre/video-pour-halloween-un-chien-deguise-en-araignee-geante-effraie-des-passants_1151855.html,"Pour Halloween, un chien déguisé en araignée géante effraie des passants"
https://www.francetvinfo.fr/decouverte/gadgets/il-a-invente-le-slip-pour-cacher-le-sourire-du-plombier_1150355.html,"Il a inventé le slip qui cache ""le sourire du plombier"""
https://www.francetvinfo.fr/decouverte/bizarre/paris-polemique-sur-la-privatisation-des-catacombes_1127699.html,Paris : polémique sur la privatisation des catacombes
https://www.francetvinfo.fr/decouverte/bizarre/quand-la-mairie-de-paris-loue-les-catacombes-a-airbnb-pour-une-soiree-d-halloween_1124747.html,Quand la mairie de Paris loue les catacombes à Airbnb pour une soirée d'Halloween
https://www.francetvinfo.fr/monde/proche-orient/offensive-jihadiste-en-irak/un-club-de-barbus-suedois-pris-pour-des-jihadistes-de-l-etat-islamique_1124809.html,Un club de barbus suédois confondu avec des jihadistes de l'Etat islamique
https://www.francetvinfo.fr/monde/chine/video-un-inventeur-chinois-fait-la-promotion-de-sa-nouvelle-machine-a-laver-les-cheveux_1124725.html,"Un inventeur chinois fait la promotion de sa nouvelle ""machine à laver les cheveux"""
https://www.francetvinfo.fr/decouverte/bizarre/video-aoooouuuuh-des-anglais-battent-le-record-du-monde-de-hurlements-de-loup_1124405.html,"""Aoooouuuuh"" : des Anglais battent le record du monde de hurlements de loup"
https://www.francetvinfo.fr/decouverte/bizarre/une-americaine-de-12-ans-eternue-des-milliers-de-fois-par-jour-depuis-trois-semaines_1118801.html,Une Américaine de 12 ans éternue des milliers de fois par jour depuis trois semaines
https://www.francetvinfo.fr/culture/cuisine-et-gastronomie/des-americains-s-etonnent-des-mysterieux-effets-sur-le-transit-du-whopper-noir-de-burger-king_1115539.html,Un mystérieux caca vert intrigue les amateurs de Burger King
https://www.francetvinfo.fr/monde/ameriques/video-voici-kiya-la-petite-americaine-de-15-mois-terrifiee-par-son-ombre_1083765.html,Etats-Unis : une petite fille terrifiée par son ombre
https://www.francetvinfo.fr/decouverte/bizarre/video-decouverte-de-la-plus-grosse-huitre-du-monde_1063887.html,"Une huître de 38,5 centimètres de long découverte en Belgique"
https://www.francetvinfo.fr/monde/chine/video-une-chinoise-de-5-ans-hypnotise-chien-lezard-grenouille-et-lapin-avec-ses-mains_1046767.html,"Une Chinoise de 5 ans ""hypnotise"" des animaux lors d'une émission télé"
https://www.francetvinfo.frhttp://france3-regions.francetvinfo.fr/franche-comte/doubs/haut-doubs/une-saucisse-de-morteau-envoyee-dans-la-stratosphere-754959.html,"Une saucisse de Morteau envoyée dans la stratosphère 
    (nouvelle fenêtre)"
https://www.francetvinfo.fr/decouverte/bizarre/chat-dans-l-aile-de-l-ulm-minou-aura-le-droit-a-une-double-ration-de-croquettes_963997.html,"Chat dans l'aile de l'ULM : ""Minou aura le droit à une double ration de croquettes"""
https://www.francetvinfo.fr/monde/ameriques/chili-depuis-50-ans-une-femme-de-92-ans-portait-un-foetus-momifie_960775.html,"Chili : depuis 50 ans, une femme de 92 ans portait un fœtus momifié"
https://www.francetvinfo.fr/decouverte/bizarre/video-nouveau-record-d-un-panier-de-basket-lance-depuis-un-pont-de-126-m-de-haut_952981.html,Ils réussissent un panier de basket depuis un pont de 126 mètres de haut
https://www.francetvinfo.fr/decouverte/bizarre/video-un-maire-americain-se-fait-tirer-dessus-au-taser-pour-10-000-dollars_951421.html,Un maire américain se fait tirer dessus au Taser pour 10 000 dollars
https://www.francetvinfo.fr/monde/ameriques/video-texas-un-conducteur-sauve-de-justesses-de-sa-voiture-en-feu-par-des-policiers_936373.html,Texas : un homme fait exploser sa voiture au moment de son interpellation
https://www.francetvinfo.fr/decouverte/bizarre/video-un-cycliste-allemand-grille-un-toast-grace-a-la-puissance-de-ses-cuisses-enormes_936101.html,Un cycliste allemand alimente un grille-pain à la force de ses cuisses
https://www.francetvinfo.fr/decouverte/bizarre/video-au-perou-une-larve-retiree-de-l-oeil-d-un-garcon-de-16-ans-avec-du-basilic_936067.html,Pérou : une larve de mouche retirée de l'œil d'un garçon avec du basilic
https://www.francetvinfo.frhttp://france3-regions.francetvinfo.fr/cote-d-azur/2015/05/27/nice-le-record-du-monde-de-selfie-battu-par-2530-personnes-732859.html,"Un Niçois de 16 ans bat le record du plus grand selfie, devant 2 500 personnes 
    (nouvelle fenêtre)"
https://www.francetvinfo.fr/monde/chine/video-chine-un-camion-citerne-perd-ses-freins-et-emboutit-une-dizaine-dautres-vehicules_922293.html,Chine : un camion-citerne perd ses freins et emboutit une dizaine d’autres véhicules
https://www.francetvinfo.fr/decouverte/bizarre/video-chine-il-se-couvre-de-plus-d-un-million-d-abeilles-pour-battre-un-record-mondial_922043.html,Chine : il se couvre de plus d'un million d'abeilles pour battre un record mondial
https://www.francetvinfo.fr/decouverte/bizarre/une-allemande-de-65-ans-deja-mere-de-13-enfants-accouche-de-quadruples_917799.html,"Déjà mère de 13 enfants, une Allemande de 65 ans accouche de quadruplés"
https://www.francetvinfo.fr/decouverte/bizarre/video-turquie-le-manager-banni-de-stade-est-sur-une-grue-pour-voir-son-equipe-jouer_911679.html,"Turquie : interdit de stade, l'entraîneur loue une grue"
https://www.francetvinfo.fr/decouverte/bizarre/video-une-jeune-mariee-qui-s-est-lance-le-defi-trash-the-dress-a-failli-se-noyer_910345.html,Une jeune mariée frôle la noyade en tentant un défi
https://www.francetvinfo.fr/decouverte/bizarre/video-il-saute-de-pilier-en-pilier-au-43eme-etage-d-un-hotel-de-dubai_900535.html,Il saute de pilier en pilier au 43e étage d'un hôtel de Dubaï
https://www.francetvinfo.fr/decouverte/bizarre/une-americaine-accouche-de-jumelles-de-peres-differents_900049.html,Une Américaine accouche de jumelles de pères différents
https://www.francetvinfo.fr/decouverte/bizarre/canada-il-ecrit-une-these-de-149-pages-sans-aucune-ponctuation_899153.html,Canada : il écrit une thèse de 149 pages sans aucune ponctuation
https://www.francetvinfo.fr/decouverte/bizarre/video-elle-a-la-langue-bien-longue-et-reclame-le-titre-au-guinness-des-records_898225.html,Sa langue gigantesque laisse tout le monde bouche bée
https://www.francetvinfo.fr/monde/ameriques/video-pour-ressembler-hulk-un-jeune-culturiste-bresilien-a-risque-de-perdre-son-bras_897617.html,"Brésil : ressembler à Hulk, ça peut coûter un bras, voire les deux"
https://www.francetvinfo.fr/decouverte/bizarre/video-un-athlete-arrache-la-dent-de-sa-fille-en-lancant-un-javelot_896743.html,Un athlète arrache la dent de sa fille en lançant un javelot
https://www.francetvinfo.fr/monde/asie/video-a-5-ans-un-petit-japonais-talentueux-se-prend-pour-bruce-lee_895449.html,Un petit Japonais de 5 ans imite Bruce Lee à la perfection
https://www.francetvinfo.fr/monde/ameriques/video-etats-unis-les-policiers-s-affairent-autour-d-un-homme-arme-d-un-marteau-et-accroche-a-un-panier-de-basket_894353.html,Etats-Unis : la police arrête un homme armé d'un marteau et accroché à un panier de basket
https://www.francetvinfo.fr/monde/royaume-uni/video-un-britannique-traverse-un-terrain-de-foot-en-slip-pour-un-selfie-avec-un-gardien_890303.html,Angleterre : un fan traverse un terrain de foot en slip pour faire un selfie avec un gardien de but
https://www.francetvinfo.fr/france/elle-accouche-en-plein-milieu-de-son-mariage_889031.html,Elle accouche en plein milieu de son mariage
https://www.francetvinfo.fr/monde/russie/video-russie-le-champion-de-taekwondo-assomme-un-braqueur-de-bijouterie-epileptique_888333.html,Russie : un braqueur de bijouterie assommé par un adepte de taekwondo
https://www.francetvinfo.fr/decouverte/bizarre/japon-un-robot-humanoide-comme-hotesse-d-accueil_882275.html,Japon : un robot humanoïde comme hôtesse d'accueil
https://www.francetvinfo.fr/decouverte/bizarre/une-britannique-de-32-ans-se-reveille-persuadee-d-avoir-17-ans-de-moins_880051.html,Une Britannique de 32 ans se réveille persuadée d'avoir 17 ans de moins
https://www.francetvinfo.fr/culture/musique/video-le-dernier-clip-de-david-hasselhof-venu-tout-droit-des-annees-80_879273.html,"Quand David Hasselhoff chante au milieu de dinosaures, de ninjas et de nazis"
https://www.francetvinfo.fr/decouverte/bizarre/video-une-allemande-de-65-ans-enceinte-de-quadruples-c-est-un-delire-total-selon-un-obstetricien_875561.html,"Enceinte de quadruplés à 65 ans : ""Un délire total"", selon un obstétricien"
https://www.francetvinfo.fr/decouverte/bizarre/a-65-ans-une-allemande-attend-des-quadruples_875533.html,"A 65 ans, une Allemande attend des quadruplés"
https://www.francetvinfo.fr/decouverte/bizarre/video-les-plumes-volent-pour-la-journee-internationale-de-la-bataille-d-oreillers_869001.html,Les plumes volent pour la Journée internationale de la bataille d'oreillers
https://www.francetvinfo.fr/decouverte/bizarre/yaourt-de-girafe-mouchards-dans-les-detecteurs-de-fumee-journaux-livres-par-drone-les-poissons-d-avril-qu-ils-ont-ose_864971.html,"Yaourt de girafe, mouchards dans les détecteurs de fumée, journaux livrés par drone... Les meilleurs poissons d'avril"
https://www.francetvinfo.fr/sante/psycho-bien-etre/j-ai-teste-l-hypnose-de-rue-sans-grand-succes_822817.html,Comment j'ai été hypnotisée en pleine rue
https://www.francetvinfo.fr/elections/video-departementales-un-candidat-ps-de-gironde-s-attaque-au-fn-en-chansons-dans-un-clip-delirant_860555.html,"En Gironde, un candidat de gauche se lâche sur ""Starmania"" pour contrer le FN"
https://www.francetvinfo.fr/decouverte/bizarre/de-l-or-dans-les-egouts-aux-etats-unis_857241.html,De l'or dans les égouts aux États-Unis !
https://www.francetvinfo.fr/decouverte/bizarre/kant-est-un-cretin-mais-qui-en-veut-au-philosophe-du-xviiie-siecle_852677.html,"""Kant est un crétin"" : mais qui en veut au philosophe du XVIIIe siècle ?"
https://www.francetvinfo.fr/decouverte/bizarre/des-battues-organisees-pour-combattre-la-proliferation-des-sangliers_851511.html,Des battues organisées pour combattre la prolifération des sangliers
https://www.francetvinfo.fr/economie/entreprises/ikea-interdit-les-parties-de-cache-cache-entre-deux-bibliotheques-billy_851289.html,Ikea interdit les parties de cache-cache dans ses magasins aux Pays-Bas
https://www.francetvinfo.fr/decouverte/bizarre/dans-l-orne-une-guillotine-a-l-entree-d-une-propriete-agace-la-mairie_850741.html,"Dans l'Orne, une guillotine à l'entrée d'une propriété de motards agace la mairie"
https://www.francetvinfo.fr/decouverte/bizarre/pourquoi-cette-batterie-de-telephone-explose-t-elle-quand-on-la-perce_846317.html,Pourquoi cette batterie de téléphone explose-t-elle quand on la perce ?
https://www.francetvinfo.fr/decouverte/bizarre/video-voici-pourquoi-il-ne-faut-pas-percer-les-batteries-de-telephones_846099.html,Voici pourquoi il ne faut pas planter un couteau dans une batterie de téléphone
https://www.francetvinfo.frhttp://france3-regions.francetvinfo.fr/midi-pyrenees/2015/03/10/le-bus-de-touristes-belges-confond-la-plagne-savoie-et-la-plagne-ariege-671473.html,"Le chauffeur d'une bus de touristes belges confond La Plagne (Savoie) et La Plagne (Ariège) 
    (nouvelle fenêtre)"
https://www.francetvinfo.fr/decouverte/bizarre/video-il-envoye-sa-demande-de-mariage-en-videe-chaque-jour-durant-365-jours_844415.html,Il filme sa demande en mariage tous les jours pendant un an
https://www.francetvinfo.fr/decouverte/bizarre/video-ils-tombent-nez-a-nez-avec-l-une-des-creatures-marines-les-plus-mysterieuses_844133.html,Ils tombent nez à nez avec l'une des créatures marines les plus mystérieuses
https://www.francetvinfo.fr/decouverte/bizarre/comment-un-athlete-a-voyage-cache-dans-une-caisse-en-bois-par-avion_843077.html,Comment un athlète a voyagé caché dans une caisse en bois par avion
https://www.francetvinfo.fr/decouverte/bizarre/video-a-toulouse-un-concours-d-avions-en-papier-pour-de-futurs-pilotes_842001.html,"A Toulouse, un concours d'avions en papier pour de futurs pilotes"
https://www.francetvinfo.fr/decouverte/bizarre/a-11-ans-un-petit-anglais-se-deguise-en-christian-grey-sadomasochiste_842159.html,"A 11 ans, un écolier anglais se déguise en Christian Grey sadomasochiste"
https://www.francetvinfo.fr/monde/europe/une-peinture-anti-urine_841747.html,Une peinture anti-urine
https://www.francetvinfo.fr/decouverte/bizarre/mais-quel-est-ce-demon-japonais-qui-ressemble-tant-a-jacques-chirac_841049.html,Mais quel est ce démon japonais qui ressemble tant à Jacques Chirac ?
https://www.francetvinfo.fr/decouverte/bizarre/video-il-decouvre-une-chenille-vivante-dans-son-burger_840913.html,Il découvre une chenille vivante dans son burger
https://www.francetvinfo.fr/decouverte/bizarre/et-vous-vous-la-voyez-de-quelle-couleur-cette-robe_835673.html,"Et vous, vous la voyez de quelles couleurs, cette robe ?"
https://www.francetvinfo.fr/decouverte/bizarre/des-foetus-jumeaux-decouverts-a-l-interieur-d-un-nouveau-ne_821775.html,"Des ""fœtus"" jumeaux découverts à l'intérieur d'un nouveau-né"
https://www.francetvinfo.fr/decouverte/bizarre/video-des-scientifiques-creent-un-oeuf-transparent_821135.html,Des scientifiques chinois créent un œuf transparent
https://www.francetvinfo.fr/monde/europe/video-il-fait-la-torche-humaine-et-saute-du-haut-d-un-immeuble_819741.html,Il fait la torche humaine et saute du haut d'un immeuble
https://www.francetvinfo.frhttp://geopolis.francetvinfo.fr/bureau-londres/2015/02/03/hitler-donne-son-nom-a-un-parc-les-juifs-des-cornouailles-enragent.html,"Un parc Hitler fait polémique en Grande-Bretagne 
    (nouvelle fenêtre)"
https://www.francetvinfo.fr/decouverte/bizarre/video-voila-le-conducteur-du-metro-qui-chante-pour-les-usagers-quand-sa-rame-est-bloquee_811805.html,Le conducteur du métro pousse la chansonnette pour faire patienter les passagers
https://www.francetvinfo.fr/decouverte/bizarre/trois-histoires-d-ovnis-francais-trouvees-dans-les-archives-de-l-us-air-force_808435.html,Trois histoires d'ovnis français trouvées dans les archives de l'US Air Force
https://www.francetvinfo.fr/decouverte/bizarre/video-elle-dessine-un-drapeau-avec-ses-moutons_808013.html,Elle dessine un drapeau avec ses moutons
https://www.francetvinfo.fr/decouverte/bizarre/video-quand-un-feu-d-artifice-explose-sous-l-eau_806741.html,Quand un feu d'artifice explose sous l'eau
https://www.francetvinfo.fr/decouverte/bizarre/quand-le-president-uruguayen-prend-un-homme-en-autostop_799125.html,Quand le président uruguayen prend un homme en autostop
https://www.francetvinfo.fr/decouverte/bizarre/l-araignee-la-plus-venimeuse-du-monde-etait-cachee-dans-ses-bananes_787805.html,L'araignée la plus venimeuse du monde était cachée dans ses bananes
https://www.francetvinfo.fr/monde/ameriques/video-un-americain-a-vecu-pendant-51-ans-avec-un-levier-de-clignotant-dans-le-bras_787289.html,Un Américain a vécu pendant 51 ans avec un levier de clignotant dans le bras
https://www.francetvinfo.fr/decouverte/bizarre/la-presidente-d-argentine-parraine-un-jeune-homme-pour-eviter-qu-il-se-transforme-en-loup-garou_784097.html,"Non, la présidente argentine n'a pas parrainé un jeune homme pour l'empêcher de se transformer en loup-garou"
https://www.francetvinfo.fr/replay-radio/france-info-numerique/postee-a-20-kilometres-recue-90-ans-plus-tard-une-histoire-de-carte-postale_1772061.html,"Postée à 20 kilomètres, reçue 90 ans plus tard : une histoire de carte postale"
https://www.francetvinfo.fr/decouverte/bizarre/kardashian-bieber-nefertiti-ces-fans-prets-a-tout-pour-ressembler-a-leurs-idoles_776883.html,"Kardashian, Bieber, Néfertiti... Ces fans prêts à tout pour ressembler à leurs idoles"
https://www.francetvinfo.fr/decouverte/bizarre/video-cette-bouse-de-vache-en-boite-s-est-vendue-a-30-000-exemplaires_774109.html,30 000 personnes ont payé six dollars pour cette bouse de vache en boîte
https://www.francetvinfo.frhttp://france3-regions.francetvinfo.fr/nord-pas-de-calais/2014/12/14/pays-bas-la-demande-en-mariage-tourne-la-catastrophe-612654.html,"Une demande en mariage fracassante aux Pays-Bas 
    (nouvelle fenêtre)"
https://www.francetvinfo.fr/monde/ameriques/video-le-grand-canyon-se-remplit-de-nuages_772117.html,Les nuages envahissent petit à petit le Grand Canyon
https://www.francetvinfo.fr/monde/ameriques/video-un-petit-garcon-en-pleine-confusion-pour-sa-premiere-rencontre-avec-deux-jumelles-identiques_771261.html,Un petit garçon en pleine confusion à côté de deux jumelles
https://www.francetvinfo.fr/monde/asie/la-fille-du-patron-de-korean-air-n-aime-pas-l-aperitif-elle-fait-faire-demi-tour-a-l-avion_767065.html,La fille du patron de Korean Air demande à un avion de faire demi-tour pour des noix
https://www.francetvinfo.fr/replay-radio/france-info-numerique/star-wars-et-super-heros-les-syndicats-font-dans-le-decale_1770041.html,Star Wars et super-héros : les syndicats font dans le décalé
https://www.francetvinfo.fr/decouverte/bizarre/video-il-a-vu-la-mort-passee-non-loi-de-lui-sur-autoroute-australienne_762635.html,Il évite d'un cheveu un spectaculaire accident sur une autoroute australienne
https://www.francetvinfo.fr/economie/transports/video-le-500-millieme-passager-d-une-compagnie-polonaise-surpris-par-un-flashmob_762325.html,Le cinq cent millième passager d'une compagnie polonaise surpris par un flashmob
https://www.francetvinfo.fr/decouverte/bizarre/video-japon-une-etonnante-machine-pour-faire-frire-des-crevettes-en-3-secondes_758449.html,Japon : une étonnante machine pour faire frire des crevettes en trois secondes
https://www.francetvinfo.fr/decouverte/bizarre/un-confiseur-bulgare-lance-en-france-le-bonbon-deodorant_755818.html,Un confiseur bulgare lance en France le bonbon déodorant
https://www.francetvinfo.fr/decouverte/bizarre/video-il-surfe-sur-un-canal-a-135km-h-tracte-par-une-ferrari-f50_754169.html,"Il surfe sur un canal à 135 km/h, tracté par une Ferrari F50"
https://www.francetvinfo.fr/decouverte/bizarre/video-une-cote-d-agneau-s-offre-une-viree-dans-la-stratosphere_754079.html,Une côte d'agneau s'offre une virée dans la stratosphère
https://www.francetvinfo.fr/decouverte/bizarre/et-vous-que-faites-vous-quand-vous-allez-aux-toilettes-au-travail_751635.html,"Et vous, que faites-vous quand vous allez aux toilettes au travail ?"
https://www.francetvinfo.fr/monde/asie/video-chine-une-dizaine-de-passants-au-secours-dune-femme-coince-sous-une-voiture_749259.html,Chine : des passants soulèvent une voiture pour porter secours à une femme
https://www.francetvinfo.fr/decouverte/bizarre/video-une-toupie-humaine-bat-le-record-en-tournant-14-heures-sur-lui-meme_748533.html,Un Chinois tourne sur lui-même pendant quatorze heures et bat un record
https://www.francetvinfo.fr/decouverte/bizarre/video-un-francais-pulverise-son-propre-record-du-monde-de-vitesse-a-velo_741043.html,Un Français pulvérise son propre record du monde de vitesse à vélo
https://www.francetvinfo.fr/decouverte/bizarre/video-une-grande-ile-de-pirates-avec-sa-cascade-tout-en-lego_736513.html,Ils construisent une île mystérieuse avec 50 000 briques de Lego
https://www.francetvinfo.fr/decouverte/bizarre/video-il-nage-parmi-les-requins-pour-surfer-sur-la-carcasse-d-une-baleine_734799.html,Il nage parmi les requins pour surfer sur la carcasse d'une baleine
https://www.francetvinfo.fr/decouverte/bizarre/cinq-usages-meconnus-des-drones_334554.html,Cinq usages méconnus des drones
https://www.francetvinfo.fr/decouverte/bizarre/des-dosettes-de-creme-a-l-effigie-d-hitler-et-mussolini-dans-les-cafes-suisses_726895.html,Des dosettes de crème à l'effigie d'Hitler et Mussolini dans les cafés suisses
https://www.francetvinfo.fr/replay-jt/france-3/19-20/video-dans-la-vienne-un-chateau-hante-intrigue-les-visiteurs_724629.html,"Dans la Vienne, un château hanté intrigue les visiteurs"
https://www.francetvinfo.frhttp://france3-regions.francetvinfo.fr/provence-alpes/2014/10/19/la-marche-des-zombies-marseille-574594.html,"Marseille : des zombies débarquent sur la Canebière 
    (nouvelle fenêtre)"
https://www.francetvinfo.fr/decouverte/bizarre/adam-le-petit-chien-allergique-aux-humains_721703.html,"Adam, le petit chien allergique aux humains"
https://www.francetvinfo.fr/decouverte/bizarre/non-cette-sculpture-verte-de-24m-de-haut-place-vendome-n-est-pas-un-sextoy_721441.html,"Non, cette sculpture verte de 24 m, installée place Vendôme, n'est pas un sextoy"
https://www.francetvinfo.fr/decouverte/bizarre/compte-facebook-ouvert-papier-toilette-usage-cinq-facons-pour-un-voleur-de-se-faire-pincer-betement_718597.html,"Compte Facebook ouvert, papier toilette usagé... Cinq façons pour un voleur de se faire pincer bêtement"
https://www.francetvinfo.fr/decouverte/bizarre/elle-decouvre-une-sangsue-dans-son-nez-apres-des-vacances-en-asie-du-sud-est_718251.html,Elle découvre une sangsue dans son nez après des vacances en Asie du Sud-Est
https://www.francetvinfo.fr/culture/spectacles/video-ils-dansent-a-la-verticale-sur-le-flanc-de-l-hotel-de-ville-d-oakland_700591.html,Etats-Unis : ils dansent sur le flanc de l'hôtel de ville d'Oakland
https://www.francetvinfo.fr/video-l-interieur-du-corps-humain-en-action-vu-par-irm_700211.html,L'intérieur du corps humain en action vu par IRM
https://www.francetvinfo.fr/monde/europe/video-pris-entre-un-camion-et-une-voiture-un-cycliste-russe-echappe-miraculeusement-a-la-mort_699021.html,"Pris entre un camion et une voiture, un cycliste russe échappe miraculeusement à la mort"
https://www.francetvinfo.fr/decouverte/bizarre/video-le-voleur-de-tableau-surpris-par-la-videosurveillance-d-une-galerie-d-art-de-birmingham_698277.html,Un homme tente de voler en plein jour un tableau d'une galerie d'art de Birmingham
https://www.francetvinfo.fr/monde/europe/video-russie-une-justiciere-a-moto-renvoie-les-detritus-des-automobilistes-dans-leurs-voitures_696527.html,Russie : Elle traque à moto les automobilistes qui jettent des détritus depuis leur voiture
https://www.francetvinfo.fr/decouverte/bizarre/une-chinoise-decouvre-a-24-ans-qu-il-lui-manque-un-bout-de-cerveau_692227.html,Une Chinoise découvre à 24 ans qu'il lui manque un bout de cerveau
https://www.francetvinfo.fr/decouverte/bizarre/video-un-rat-mort-devient-un-drole-de-drone_691603.html,Un rat mort devient un drôle de drone
https://www.francetvinfo.fr/decouverte/bizarre/video-un-ours-a-la-tete-coincee-dans-un-airbag-secouru-par-des-villageois_686217.html,Un groupe d'habitants retire un airbag coincé autour de la tête d'un ours
https://www.francetvinfo.fr/decouverte/bizarre/video-faire-bouillir-sa-camera-gopro-pour-filmer-un-oeuf-poche_683907.html,Il plonge une caméra GoPro dans de l'eau bouillante pour filmer un œuf poché
https://www.francetvinfo.fr/decouverte/bizarre/trente-trois-ans-apres-une-part-du-gateau-de-mariage-de-la-princesse-diana-vendue-aux-encheres_681095.html,"Trente-trois ans après, une part du gâteau de mariage de la princesse Diana vendue aux enchères"
https://www.francetvinfo.fr/monde/asie/video-tasmanie-ce-mouton-retrouve-avec-20-kg-de-laine-sur-le-dos-n-a-jamais-ete-tondu_678335.html,"En Australie, un mouton retrouvé avec 20 kg de laine sur le dos"
https://www.francetvinfo.fr/decouverte/bizarre/apeure-un-elan-se-refugie-dans-un-immeuble-de-bureaux-en-allemagne_677631.html,"Apeuré, un élan se réfugie dans un immeuble de bureaux en Allemagne"
https://www.francetvinfo.fr/decouverte/bizarre/video-voici-comment-on-devient-champion-du-monde-de-yo-yo_668149.html,Voici comment on devient champion du monde de yo-yo
https://www.francetvinfo.fr/decouverte/bizarre/video-pour-vos-barbecues-cet-ete-pensez-a-la-lave-volcanique_662613.html,"Pour vos barbecues cet été, pensez à la lave volcanique"
https://www.francetvinfo.fr/monde/europe/en-suede-une-femme-decouvre-80-squelettes-dans-des-sacs-ikea_661429.html,"En Suède, une femme découvre 80 squelettes dans des sacs Ikea"
https://www.francetvinfo.fr/decouverte/bizarre/video-des-americains-s-inquietent-en-decouvrant-que-les-glaces-walmart-ne-fondent-pas_661281.html,Des Américains s'inquiètent en découvrant que les glaces Walmart ne fondent pas
https://www.francetvinfo.fr/decouverte/bizarre/video-un-charentais-s-amuse-a-ecraser-52-pommes-avec-son-front_660761.html,Un Charentais s'amuse à écraser 52 pommes avec son front
https://www.francetvinfo.fr/decouverte/bizarre/video-une-chinoise-ecrit-des-deux-pieds-et-des-deux-mains-en-meme-temps_660149.html,Une Chinoise écrit des deux pieds et des deux mains en même temps
https://www.francetvinfo.fr/decouverte/bizarre/video-etats-unis-deux-femmes-echappent-a-un-train-par-miracle_659355.html,Etats-Unis : deux femmes échappent à un train par miracle
https://www.francetvinfo.fr/decouverte/bizarre/video-une-piste-d-athletisme-de-forme-rectangulaire-tracee-dans-un-stade-chinois_658505.html,Une piste d'athlétisme de forme rectangulaire tracée dans un stade chinois
https://www.francetvinfo.fr/decouverte/bizarre/video-un-requin-bleu-sur-les-plages-de-corse_657485.html,Un requin bleu aperçu sur une plage de Corse
https://www.francetvinfo.fr/decouverte/bizarre/video-l-ile-volcanique-japonaise-apparue-en-novembre-continue-de-grossir_656877.html,L'île volcanique japonaise apparue en novembre continue de grossir
https://www.francetvinfo.fr/decouverte/bizarre/video-les-chirurgiens-extraient-232-dents-de-la-bouche-d-un-indien-de-17-ans_655101.html,Les chirurgiens extraient 232 dents de la bouche d'un Indien de 17 ans
https://www.francetvinfo.fr/decouverte/bizarre/video-assassin-s-creed-pour-de-vrai-dans-les-rues-de-paris_654055.html,Des cascadeurs rejouent Assassin's Creed dans les rues de Paris
https://www.francetvinfo.fr/sports/sports-extremes/video-il-se-prend-pour-belmondo-et-saute-sur-un-metro-en-marche_653361.html,Il se prend pour Belmondo et saute sur un métro en marche
https://www.francetvinfo.fr/decouverte/bizarre/video-aux-philippines-une-petite-fille-de-3-ans-se-reveille-a-ses-propres-funerailles_647703.html,"Aux Philippines, une petite fille de 3 ans se réveille lors de ses funérailles"
https://www.francetvinfo.fr/decouverte/bizarre/genetiquement-vos-amis-ne-sont-pas-loin-d-etre-aussi-proches-que-votre-famille_647557.html,"Génétiquement, vos amis ne sont pas loin d'être aussi proches de vous que votre famille"
https://www.francetvinfo.fr/decouverte/bizarre/non-steven-spielberg-n-a-pas-tue-un-dinosaure-lors-d-une-partie-de-chasse_645537.html,"Non, Steven Spielberg n'a pas tué un dinosaure lors d'une partie de chasse"
https://www.francetvinfo.fr/decouverte/bizarre/marianne-93-ans-videuse-de-boite-de-nuit-et-son-fils-jo-dj-de-68-ans-prennent-leur-retraite_645359.html,"Marianne, 93 ans, videuse de boîte de nuit, et son fils Jo, DJ de 68 ans, prennent leur retraite"
https://www.francetvinfo.fr/decouverte/bizarre/il-recolte-plus-de-16-000-euros-sur-internet-pour-faire-une-salade-de-pommes-de-terre_641865.html,Il récolte plus de 16 000 euros sur internet pour faire une salade de pommes de terre
https://www.francetvinfo.fr/decouverte/bizarre/il-roulait-sans-bras-un-pied-sur-les-pedales-l-autre-sur-le-volant_638345.html,"Il roulait sans bras, un pied sur les pédales, l'autre sur le volant"
https://www.francetvinfo.fr/monde/ameriques/en-bolivie-les-montres-tournent-desormais-dans-le-sens-inverse_634243.html,"La Bolivie inverse le sens des aiguilles des montres, au nom de la ""décolonisation"""
https://www.francetvinfo.fr/decouverte/bizarre/un-sex-toy-retarde-le-decollage-d-un-avion_633279.html,Un sex toy retarde le décollage d'un avion
https://www.francetvinfo.fr/decouverte/bizarre/peluches-citrouilles-chapeaux-les-pires-idees-pour-frauder-aux-douanes-des-aeroports_629625.html,"Peluches, citrouilles, chapeaux… Les pires idées pour frauder aux douanes des aéroports"
https://www.francetvinfo.fr/decouverte/bizarre/video-voici-le-chien-le-plus-laid-du-monde_629573.html,Voici le chien le plus laid du monde
https://www.francetvinfo.fr/decouverte/bizarre/des-ours-en-peluche-cachaient-des-cranes-humains_629557.html,Des ours en peluche cachaient des crânes humains
https://www.francetvinfo.fr/decouverte/bizarre/video-regardez-ce-plongeon-magique-de-4-secondes_625531.html,Regardez ce plongeon magique
https://www.francetvinfo.fr/decouverte/bizarre/sept-bras-gauches-retrouves-au-fond-d-une-fosse-par-des-archeologues_621899.html,Sept bras gauches retrouvés au fond d'une fosse par des archéologues
https://www.francetvinfo.fr/decouverte/bizarre/video-piege-dans-un-aeroport-la-nuit-il-fait-la-video-d-une-chanson-de-celine-dion_620845.html,"Seul dans un aéroport la nuit, il se filme en train de chanter du Céline Dion"
https://www.francetvinfo.fr/decouverte/bizarre/un-livre-francais-relie-en-peau-humaine-conserve-a-l-universite-d-harvard_615425.html,Un livre français relié en peau humaine conservé à l'université d'Harvard
https://www.francetvinfo.fr/decouverte/bizarre/video-voici-ce-qui-se-passe-quand-on-fait-bouillir-du-coca-cola_614071.html,Voici ce qui se passe quand on fait bouillir du Coca-Cola
https://www.francetvinfo.fr/decouverte/bizarre/un-chien-defeque-et-dans-l-avion-et-provoque-un-atterrissage-d-urgence_610745.html,Atterrissage d'urgence après... une crotte de chien
https://www.francetvinfo.fr/decouverte/bizarre/video-vosges-un-pecheur-mordu-par-un-piranha_610455.html,Vosges : un pêcheur mordu par un piranha
https://www.francetvinfo.fr/decouverte/bizarre/un-artiste-mange-sa-propre-hanche-et-raconte-son-repas-tres-agreable_609513.html,"Un artiste norvégien mange sa propre hanche et raconte son repas ""très agréable"""
https://www.francetvinfo.fr/decouverte/bizarre/escargot-sans-yeux-et-chat-ours-rejoignent-la-liste-des-especes-les-plus-etonnantes-du-monde_606727.html,Escargot sans yeux et chat-ours rejoignent la liste des espèces les plus étonnantes du monde
https://www.francetvinfo.fr/monde/obliges-de-deplacer-leur-mariage-a-cause-de-barack-obama-ils-l-invitent-a-la-ceremonie_604195.html,"Obligés de déplacer leur mariage à cause de Barack Obama, ils l'invitent à la cérémonie"
https://www.francetvinfo.fr/decouverte/bizarre/video-chine-il-se-couvre-d-abeilles-durant-53-minutes-pour-battre-le-record-du-guinness_600979.html,Chine : il se couvre d'abeilles durant 53 minutes pour battre le record du Guinness
https://www.francetvinfo.fr/decouverte/bizarre/video-ivre-il-monte-sur-le-toit-de-l-opera-de-sydney_597489.html,"Ivre, il monte sur le toit de l'opéra de Sydney"
https://www.francetvinfo.fr/monde/asie/un-chauffeur-de-taxi-japonais-piegeait-ses-clientes-pour-les-faire-uriner-dans-sa-voiture_594961.html,Un chauffeur de taxi japonais piégeait ses clientes pour les faire uriner dans sa voiture
https://www.francetvinfo.fr/culture/festival/marseille-invente-le-festival-du-film-chiant_1614445.html,"Marseille invente le ""Festival du film chiant"""
https://www.francetvinfo.fr/decouverte/bizarre/treize-choses-que-vous-ignorez-sur-les-tatouages_592817.html,Treize choses que vous ignorez sur les tatouages
https://www.francetvinfo.fr/decouverte/bizarre/fesses-nues-dans-les-rues-de-lille-elle-explique-sa-demarche_592073.html,Fesses nues dans les rues de Lille : elle explique sa démarche
https://www.francetvinfo.fr/decouverte/bizarre/atterrissage-reussi-en-france-pour-les-deux-pandas-chinois_1608215.html,Atterrissage réussi en France pour les deux pandas chinois
https://www.francetvinfo.fr/sante/soigner/don-d-organes/un-retraite-refuse-de-payer-pour-donner-son-corps-a-la-science_1629751.html,Un retraité refuse de payer pour donner son corps à la science
https://www.francetvinfo.fr/monde/royaume-uni/londres-un-iceberg-de-graisse-de-15-tonnes-sorti-des-egouts_1663843.html,"Londres : un ""iceberg de graisse"" de 15 tonnes sorti des égouts"
https://www.francetvinfo.fr/decouverte/bizarre/le-camping-des-eurockeennes-elit-son-maire_1620667.html,Le camping des Eurockéennes élit son maire
https://www.francetvinfo.fr/decouverte/bizarre/le-camping-des-eurockeennes-elit-son-maire_1620667.html,Le camping des Eurockéennes élit son maire
https://www.francetvinfo.fr/decouverte/bizarre/video-ce-chinois-un-peu-marteau-avale-des-clous-sans-broncher_584847.html,Ce Chinois un peu marteau avale des clous sans broncher
https://www.francetvinfo.fr/decouverte/bizarre/video-voici-le-velo-le-plus-fou-construit-avant-le-mondial-au-bresil_583143.html,Voici le vélo le plus fou construit en l'honneur du Mondial au Brésil
https://www.francetvinfo.fr/decouverte/bizarre/douze-lingots-d-or-retrouves-dans-l-estomac-d-un-indien_583085.html,Douze lingots d'or retrouvés dans l'estomac d'un Indien
https://www.francetvinfo.fr/monde/asie/video-un-ananas-en-forme-deventail-bizarre-mais-comestible_580581.html,"Un ananas en forme d’éventail, bizarre mais comestible"
https://www.francetvinfo.fr/decouverte/bizarre/video-un-selfie-devant-un-train-tourne-mal_579091.html,"Un ""selfie"" devant un train tourne mal"
https://www.francetvinfo.fr/monde/ameriques/un-americain-recoit-une-carte-postale-postee-il-y-a-70-ans_578963.html,Un Américain reçoit une carte postale postée il y a 70 ans
https://www.francetvinfo.fr/monde/europe/a-moscou-clouer-ses-organes-genitaux-sur-la-place-rouge-n-est-pas-une-infraction_578615.html,"A Moscou, clouer ses organes génitaux sur la place Rouge n'est pas une infraction"
https://www.francetvinfo.fr/monde/ameriques/video-un-premier-distributeur-automatique-de-cannabis-installe-aux-etats-unis_577611.html,Un premier distributeur automatique de cannabis installé aux Etats-Unis
https://www.francetvinfo.fr/faits-divers/video-un-poney-debarque-dans-un-bar-pmu-a-l-heure-du-tierce_574805.html,Un poney débarque dans un bar PMU à l'heure du tiercé
https://www.francetvinfo.fr/decouverte/bizarre/video-action-movie-kid-james-transforme-par-son-pere-en-vrai-petit-super-hero_573709.html,"""Action Movie Kid"" : James transformé par son père en véritable petit super-héros"
https://www.francetvinfo.fr/monde/europe/video-une-journaliste-hollandaise-tombe-a-l-eau-en-pleine-interview_572735.html,Une journaliste néerlandaise tombe à l'eau en pleine interview
https://www.francetvinfo.fr/decouverte/bizarre/video-hong-kong-un-porte-conteneur-perd-sa-trajectoire-et-finit-dans-un-quartier-residentiel_571403.html,Hong Kong : un porte-conteneurs s'échoue devant un quartier résidentiel
https://www.francetvinfo.fr/decouverte/bizarre/video-un-pere-legerement-agace-filme-sa-petite-fille-melomane-trois-mois-durant_571143.html,Un père filme les réveils dansants de sa petite fille durant trois mois
https://www.francetvinfo.fr/monde/europe/video-norvege-un-meteorite-frole-de-tres-pres-un-parachutiste-dans-les-airs_569181.html,Norvège : une météorite frôle un parachutiste
https://www.francetvinfo.fr/societe/les-dix-poissons-davril-qui-nous-ont-piege-ou-presque_566397.html,Les dix poissons d’avril qui nous ont piégés (ou presque)
https://www.francetvinfo.fr/decouverte/bizarre/video-des-base-jumpers-sautent-du-haut-du-one-world-trade-center-et-se-filment_560889.html,"Des ""base jumpers"" sautent du haut du One World Trade Center et se filment"
https://www.francetvinfo.fr/decouverte/bizarre/video-un-mysterieux-etang-rouge-dans-le-nord_560741.html,Un mystérieux étang rouge dans le Nord
https://www.francetvinfo.fr/decouverte/bizarre/ils-visitent-les-quatre-continents-en-une-journee-et-entrent-au-guinness-des-records_558393.html,Ils visitent quatre continents en une journée et entrent au Guinness des records
https://www.francetvinfo.fr/decouverte/bizarre/video-savoie-guerlain-chicherit-cascadeur-de-lextreme-rate-son-saut-record_555507.html,"Guerlain Chicherit, cascadeur de l’extrême, rate son saut record"
https://www.francetvinfo.fr/monde/europe/video-une-statue-de-la-vierge-qui-s-illumine-dans-l-obscurite-prudence-de-l-eglise-catholique_552619.html,Des Belges croient voir s'illuminer une statue de la Vierge
https://www.francetvinfo.fr/monde/asie/des-soeurs-siamoises-nees-avec-un-seul-coeur-et-deux-tetes-en-inde_552535.html,Des sœurs siamoises nées avec un seul cœur et deux têtes en Inde
https://www.francetvinfo.fr/decouverte/bizarre/video-floride-un-petit-avion-rentre-dans-un-parachutiste-en-vol-pas-de-blesse-grave_549009.html,"Un avion de tourisme percute un parachutiste en Floride, pas de blessés graves"
https://www.francetvinfo.fr/decouverte/bizarre/il-utilisait-un-drone-pour-livrer-de-la-drogue-en-prison_548659.html,Il utilisait un drone pour livrer de la drogue en prison
https://www.francetvinfo.fr/culture/toutes-tatouees_547083.html,Toutes tatouées !
https://www.francetvinfo.fr/decouverte/bizarre/revolte-contre-le-systeme-il-attaque-des-distributeurs-de-billets-avec-ses-excrements_545945.html,"""Révolté contre le système"", il attaque des distributeurs de billets avec ses excréments"
https://www.francetvinfo.fr/monde/asie/video-il-est-le-plus-rapide-du-monde-a-ecrire-avec-le-nez-sur-un-clavier_545641.html,Il est le plus rapide du monde à écrire avec le nez sur un clavier
https://www.francetvinfo.fr/decouverte/bizarre/video-floride-une-mere-et-ses-trois-enfants-sauves-dans-leur-mini-van-qui-partait-dans-la-mer_545259.html,Floride : une mère et ses trois enfants sauvés de la noyade dans leur mini-van
https://www.francetvinfo.fr/decouverte/bizarre/un-site-vous-apprend-a-faire-un-cunnilingus-sur-votre-smartphone_544733.html,Un site internet vous apprend à faire un cunnilingus sur votre smartphone
https://www.francetvinfo.fr/monde/ameriques/etats-unis-declare-mort-il-se-reveille-avant-son-embaumement_541777.html,"Etats-Unis : déclaré mort, il se réveille avant son embaumement"
https://www.francetvinfo.fr/decouverte/bizarre/video-faire-remorquer-sa-voiture-par-un-bus-n-est-vraiment-pas-une-bonne-idee_539367.html,Faire remorquer sa voiture par un bus n'est pas vraiment une bonne idée
https://www.francetvinfo.fr/decouverte/bizarre/video-il-perd-son-telephone-en-skiant-et-le-retrouve-grace-a-un-detecteur-de-metaux_538543.html,Il perd son téléphone en skiant et le retrouve grâce à un détecteur de métaux
https://www.francetvinfo.fr/decouverte/bizarre/des-voleurs-utilisent-des-grues-pour-derober-une-statue-de-mangue-geante-en-australie_537481.html,Des voleurs utilisent des grues pour dérober une statue de mangue géante en Australie
https://www.francetvinfo.fr/decouverte/bizarre/video-il-defie-la-gravite-et-realise-un-looping-en-courant_536697.html,Il défie la gravité et réalise un looping en courant
https://www.francetvinfo.fr/france/pyrenees-orientales-une-statue-du-christ-s-est-mysterieusement-consummee_533263.html,Une statue du Christ se consume mystérieusement dans les Pyrénées-Orientales
https://www.francetvinfo.fr/decouverte/bizarre/la-pizza-tres-longue-conservation-nouvelle-arme-de-l-armee-americaine_532189.html,"La pizza très longue conservation, nouvelle arme de l'armée américaine"
https://www.francetvinfo.fr/decouverte/bizarre/le-seisme-au-pakistan-donne-naissance-a-une-ile_420217.html,Le séisme au Pakistan donne naissance à une île
https://www.francetvinfo.fr/decouverte/bizarre/video-naissance-d-un-veau-a-deux-tetes-au-maroc_497168.html,Naissance d'un veau à deux têtes au Maroc
https://www.francetvinfo.fr/decouverte/bizarre/video-une-camera-gopro-tombee-d-un-avion-atterrit-dans-un-enclos-a-cochons_528485.html,Une caméra GoPro tombée d'un avion atterrit dans un enclos à cochons
https://www.francetvinfo.fr/monde/ameriques/video-un-bebe-demoniaque-terrorise-new-york_505793.html,Un bébé démoniaque terrorise New York
https://www.francetvinfo.fr/animaux/elle-laisse-son-cheval-s-installer-dans-sa-maison_528777.html,Elle laisse son cheval s'installer dans sa maison
https://www.francetvinfo.fr/decouverte/bizarre/quand-le-sol-s-ouvre-et-engloutit-tout_528669.html,Quand le sol s'ouvre et engloutit tout
https://www.francetvinfo.fr/decouverte/bizarre/montereau-en-ordre-de-bataille-pour-creer-un-parc-napoleon_62369.html,Montereau prêt à batailler pour créer son parc Napoléon
https://www.francetvinfo.fr/decouverte/bizarre/video-un-homme-oiseau-fait-un-saut-de-731-metres-d-un-helico-sans-parachute_98911.html,"Un ""homme oiseau"" fait un saut de 731 mètres sans parachute"
https://www.francetvinfo.fr/decouverte/bizarre/un-norvegien-demande-de-l-aide-pour-desarmer-une-boite-de-harengs-vieille-de-vingt-cinq-ans_527851.html,"Un Norvégien demande de l'aide pour ""désamorcer"" une boîte de harengs vieille de vingt-cinq ans"
https://www.francetvinfo.fr/decouverte/bizarre/ou-est-passe-le-monstre-du-loch-ness_525433.html,Où est passé le monstre du Loch Ness ?
https://www.francetvinfo.fr/decouverte/bizarre/etats-unis-des-millions-d-oiseaux-meurent-tous-les-ans-en-se-fracassant-contre-des-baies-vitrees_523693.html,Etats-Unis : des millions d'oiseaux meurent tous les ans en se fracassant contre des baies vitrées
https://www.francetvinfo.fr/decouverte/bizarre/avaler-des-poissons-rouges-vivants-horrible-et-illegal-en-grande-bretagne_522737.html,"Avaler des poissons rouges vivants ? ""Horrible"" et illégal au Royaume-Uni"
https://www.francetvinfo.fr/decouverte/bizarre/aveugle-elle-couvre-son-corps-de-tatouages-qu-elle-ne-verra-jamais_522567.html,"Aveugle, elle couvre son corps de tatouages qu'elle ne verra jamais"
https://www.francetvinfo.fr/decouverte/bizarre/video-l-hortensia-dangereux-substitut-au-cannabis_521277.html,"L'hortensia, dangereux substitut au cannabis ?"
https://www.francetvinfo.fr/decouverte/bizarre/un-naufrage-affirme-deriver-dans-le-pacifique-depuis-septembre-2012_519465.html,Un naufragé affirme dériver dans le Pacifique depuis septembre 2012
https://www.francetvinfo.fr/decouverte/video-une-sud-coreenne-se-filme-en-mangeant-devant-son-ordinateur-et-gagne-6-600-euros-par-mois_516081.html,Une Sud-Coréenne se filme en mangeant devant son ordinateur et gagne 6 600 euros par mois
https://www.francetvinfo.fr/monde/ameriques/video-a-onze-ans-le-petit-jahmir-joue-de-la-trompette-avec-ses-orteils_515441.html,"A 11 ans, le petit Jahmir joue de la trompette avec ses orteils"
https://www.francetvinfo.fr/monde/asie/video-un-petit-australien-skateur-et-virtuose-a-juste-deux-ans_513585.html,"A 2 ans, ce petit Australien est déjà un virtuose du skate"
https://www.francetvinfo.fr/decouverte/bizarre/un-porc-epic-tombe-sur-sa-tete-elle-a-272-aiguilles-dans-le-crane_513553.html,Un porc-épic tombe sur sa tête et lui plante 272 aiguilles dans le crâne
https://www.francetvinfo.fr/decouverte/bizarre/un-navire-fantome-infeste-de-rats-inquiete-le-royaume-uni_513197.html,Un navire fantôme inquiète le Royaume-Uni
https://www.francetvinfo.fr/monde/europe/des-retraites-allemands-rejouent-les-scenes-cultes-d-hollywood-pour-un-calendrier_512509.html,Des retraités allemands rejouent les scènes cultes d'Hollywood pour un calendrier
https://www.francetvinfo.fr/animaux/un-boa-retrouve-dans-les-toilettes-d-un-college-de-l-ardeche_512371.html,Un boa retrouvé dans les toilettes d'un collège en Ardèche
https://www.francetvinfo.fr/decouverte/bizarre/attaque-de-frites-jet-de-glace-ce-que-vous-risquez-en-entrant-dans-un-fast-food_512241.html,"Attaque de frites, jet de glace… Ce que vous risquez en entrant dans un fast-food"
https://www.francetvinfo.fr/decouverte/bizarre/video-journee-mondiale-des-calins-le-tout-est-de-trouver-des-volontaires_510539.html,Journée mondiale des câlins : le tout est de trouver des volontaires
https://www.francetvinfo.fr/decouverte/bizarre/le-froid-gele-un-banc-de-poissons-gele-en-norvege_508883.html,Le froid gèle un banc de poissons en Norvège
https://www.francetvinfo.fr/decouverte/bizarre/les-poils-pubiens-a-l-honneur-d-une-boutique-new-yorkaise_507931.html,Les poils pubiens à l'honneur d'une boutique new-yorkaise
https://www.francetvinfo.fr/sciences/faire-cloner-son-chien-pour-75-000-euros-en-coree-du-sud-c-est-possible_507077.html,"Faire cloner son chien pour 75 000 euros en Corée du Sud, c'est possible"
https://www.francetvinfo.fr/decouverte/bizarre/video-zach-king-prestidigitateur-de-l-image-ou-magicien-de-talent_506561.html,"Zach King, le petit génie du montage vidéo"
https://www.francetvinfo.fr/decouverte/bizarre/video-une-journaliste-un-peu-embrumee-pendant-un-reportage-sur-le-cannabis_505945.html,"Une journaliste ""un peu embrumée"" pendant un reportage sur le cannabis"
https://www.francetvinfo.fr/decouverte/bizarre/video-peter-pan-demande-wendy-en-mariage-en-plein-spectacle_505763.html,Peter Pan demande Wendy en mariage en plein spectacle
https://www.francetvinfo.fr/animaux/il-avait-mal-a-l-oreille-un-cafard-s-y-etait-introduit_501453.html,"Il avait mal à l'oreille, le médecin en déloge un cafard"
https://www.francetvinfo.fr/decouverte/bizarre/des-cabines-telephoniques-transformees-en-mini-bibliotheques_501177.html,Des cabines téléphoniques transformées en mini-bibliothèques
https://www.francetvinfo.fr/monde/ameriques/froid-record-aux-etats-unis/etats-unis-faire-geler-un-oeuf-au-plat-et-autres-experiences-polaires_500072.html,Etats-Unis : faire geler un œuf au plat et autres expériences polaires
https://www.francetvinfo.fr/faits-divers/il-vit-depuis-26-ans-dans-les-sous-sols-de-l-aeroport-de-roissy_497974.html,Il vit depuis 26 ans dans les sous-sols de l'aéroport de Roissy
https://www.francetvinfo.fr/monde/pacifique/a-cache-cache-un-australien-finit-nu-coince-dans-une-machine-a-laver_497912.html,"A cache-cache, un Australien nu finit coincé dans une machine à laver"
https://www.francetvinfo.fr/decouverte/bizarre/une-grenouille-decouverte-dans-une-salade-pret-a-manger-a-new-york_494630.html,Une grenouille découverte dans une salade de fast-food à New York
https://www.francetvinfo.fr/monde/retro-2013/2013-une-annee-bizarre_485486.html,"2013, une année bizarre"
https://www.francetvinfo.fr/decouverte/bizarre/il-conserve-les-tatouages-de-ceux-qui-veulent-apres-leur-mort_491276.html,Il conserve les tatouages de ceux qui le souhaitent après leur mort
https://www.francetvinfo.fr/monde/europe/video-le-bain-de-noel-une-tradition-pour-certains-londoniens_490942.html,Des Londoniens plongent pour un bain de Noël dans une eau à 4 °C
https://www.francetvinfo.fr/monde/ameriques/video-le-rap-de-la-famille-holderness-pour-souhaiter-de-bonnes-fetes-a-tous_485888.html,Une famille américaine rappe en pyjama pour souhaiter de bonnes fêtes
https://www.francetvinfo.fr/decouverte/bizarre/video-bataille-de-peres-noel-dans-les-rues-enneigees-de-new-york_484402.html,Bagarre de pères Noël dans les rues enneigées de New York
https://www.francetvinfo.fr/decouverte/bizarre/a-82-ans-elle-vivait-depuis-40-ans-avec-un-foetus-dans-le-ventre_481684.html,"A 82 ans, elle vivait depuis quarante ans avec un fœtus dans le ventre"
https://www.francetvinfo.frhttp://france3-regions.francetvinfo.fr/nord-pas-de-calais/2013/12/10/coxyde-un-homme-distribue-de-l-argent-dans-les-boites-aux-lettres-de-ses-voisins-375217.html,"Belgique : un généreux facteur dilapide son héritage en l'offrant à ses voisins 
    (nouvelle fenêtre)"
https://www.francetvinfo.fr/sciences/les-excrements-les-plus-vieux-au-monde-decouverts-en-argentine_470240.html,Les plus vieux excréments au monde découverts en Argentine
https://www.francetvinfo.fr/decouverte/bizarre/video-un-cachalot-mort-explose_469604.html,Un cachalot mort explose
https://www.francetvinfo.fr/decouverte/bizarre/video-des-milliers-de-zombies-envahissent-les-rues-de-mexico_466516.html,Des milliers de zombies envahissent les rues de Mexico
https://www.francetvinfo.fr/decouverte/bizarre/autriche-il-tient-5-minutes-et-41-secondes-en-feu-pour-un-nouveau-record_466094.html,Autriche : il tient 5 minutes et 41 secondes en feu pour un nouveau record
https://www.francetvinfo.fr/culture/cuisine-et-gastronomie/des-scientifiques-fabriquent-du-fromage-a-partir-de-bacteries-presentes-chez-l-homme_465132.html,Des scientifiques fabriquent du fromage à partir de bactéries prélevées sur des humains
https://www.francetvinfo.fr/decouverte/bizarre/quelqu-un-aurait-il-egare-son-signe-chez-ikea_184421.html,"""Quelqu'un aurait-il égaré son singe chez Ikea ?"""
https://www.francetvinfo.fr/monde/europe/il-va-en-boite-a-manchester-et-se-reveille-a-l-aeroport-de-paris_462522.html,Il va en boîte à Manchester et se réveille à l'aéroport de Paris
https://www.francetvinfo.fr/decouverte/bizarre/au-qatar-un-stade-du-mondial-2022-en-forme-de-vulve_462184.html,"Au Qatar, un stade du Mondial-2022 en forme de sexe féminin"
https://www.francetvinfo.fr/decouverte/bizarre/video-des-records-a-la-pelle-battue-a-travers-le-monde-lors-de-la-journee-des-records_458904.html,"Course à quatre pattes, marche sur des bouteilles : c'était la journée des records"
https://www.francetvinfo.fr/monde/ameriques/un-rabbin-trouve-98-000-dollars-dans-un-produit-achete-sur-internet-et-les-rend_457594.html,Un rabbin trouve 98 000 dollars dans un bureau acheté sur internet... et les rend
https://www.francetvinfo.fr/animaux/serge-le-lama/les-nouvelles-aventures-de-serge-le-lama-autour-du-monde_454224.html,"Serge le lama, mascotte porte-malheur des Girondins de Bordeaux"
